"(I,J,L)",theta,sd,y,#O,z,#A,obj,time_cost
"(6, 3, 3)",0.5,0,"[1.0, 0.0, 1.0]",2.0,"[[0.0, 0.0, 1.0], [0.0, 0.0, 0.0], [1.0, 1.0, 0.0]]",3.0,1304.6640339418548,4.5644
"(6, 3, 3)",0.5,1,"[1.0, 0.0, 1.0]",2.0,"[[0.0, 1.0, 0.0], [0.0, 0.0, 0.0], [1.0, 0.0, 1.0]]",3.0,1154.0618606287578,6.5421
"(6, 3, 3)",0.5,2,"[1.0, 0.0, 1.0]",2.0,"[[0.0, 1.0, 0.0], [0.0, 0.0, 0.0], [1.0, 0.0, 1.0]]",3.0,1090.7670280512305,5.5927
"(6, 3, 3)",0.5,3,"[1.0, 0.0, 1.0]",2.0,"[[0.0, 1.0, 0.0], [0.0, 0.0, 0.0], [1.0, 0.0, 1.0]]",3.0,1168.4742581789378,6.9822
"(6, 3, 3)",0.5,4,"[1.0, 0.0, 1.0]",2.0,"[[1.0, 0.0, 0.0], [0.0, 0.0, 0.0], [0.0, 1.0, 1.0]]",3.0,1173.4803141306825,6.0021
"(6, 3, 3)",0.5,5,"[1.0, 0.0, 1.0]",2.0,"[[1.0, 0.0, 0.0], [0.0, 0.0, 0.0], [0.0, 1.0, 1.0]]",3.0,1204.540015437728,6.245
"(6, 3, 3)",0.5,6,"[1.0, 0.0, 1.0]",2.0,"[[0.0, 1.0, 0.0], [0.0, 0.0, 0.0], [1.0, 0.0, 1.0]]",3.0,1183.1186998569287,6.3229
"(6, 3, 3)",0.5,7,"[1.0, 0.0, 1.0]",2.0,"[[0.0, 0.0, 1.0], [0.0, 0.0, 0.0], [1.0, 1.0, 0.0]]",3.0,1203.6420031963462,5.9559
"(6, 3, 3)",0.5,8,"[1.0, 0.0, 1.0]",2.0,"[[0.0, 0.0, 1.0], [0.0, 0.0, 0.0], [1.0, 1.0, 0.0]]",3.0,1167.1274123442074,6.6612
"(6, 3, 3)",0.5,9,"[1.0, 0.0, 1.0]",2.0,"[[1.0, 0.0, 0.0], [0.0, 0.0, 0.0], [0.0, 1.0, 1.0]]",3.0,1123.023961219769,5.9521
"(6, 3, 3)",1,0,"[1.0, 0.0, 1.0]",2.0,"[[1.0, 0.0, 0.0], [0.0, 0.0, 0.0], [0.0, 1.0, 1.0]]",3.0,1336.6821451218814,6.1142
"(6, 3, 3)",1,1,"[1.0, 0.0, 1.0]",2.0,"[[0.0, 0.0, 1.0], [0.0, 0.0, 0.0], [1.0, 1.0, 0.0]]",3.0,1183.6152098700006,7.2388
"(6, 3, 3)",1,2,"[1.0, 0.0, 1.0]",2.0,"[[1.0, 0.0, 0.0], [0.0, 0.0, 0.0], [0.0, 1.0, 1.0]]",3.0,1120.320377292473,6.3668
"(6, 3, 3)",1,3,"[1.0, 0.0, 1.0]",2.0,"[[1.0, 0.0, 0.0], [0.0, 0.0, 0.0], [0.0, 1.0, 1.0]]",3.0,1198.0276074201806,6.4232
"(6, 3, 3)",1,4,"[1.0, 0.0, 1.0]",2.0,"[[0.0, 1.0, 0.0], [0.0, 0.0, 0.0], [1.0, 0.0, 1.0]]",3.0,1203.033663371925,8.2484
"(6, 3, 3)",1,5,"[1.0, 0.0, 1.0]",2.0,"[[1.0, 0.0, 0.0], [0.0, 0.0, 0.0], [0.0, 1.0, 1.0]]",3.0,1234.0933646789706,7.9243
"(6, 3, 3)",1,6,"[1.0, 0.0, 1.0]",2.0,"[[1.0, 0.0, 0.0], [0.0, 0.0, 0.0], [0.0, 1.0, 1.0]]",3.0,1212.6720490981716,7.5236
"(6, 3, 3)",1,7,"[1.0, 0.0, 1.0]",2.0,"[[0.0, 1.0, 0.0], [0.0, 0.0, 0.0], [1.0, 0.0, 1.0]]",3.0,1233.1953524375888,5.2855
"(6, 3, 3)",1,8,"[1.0, 0.0, 1.0]",2.0,"[[1.0, 0.0, 0.0], [0.0, 0.0, 0.0], [0.0, 1.0, 1.0]]",3.0,1196.6807615854502,6.728
"(6, 3, 3)",1,9,"[1.0, 0.0, 1.0]",2.0,"[[1.0, 0.0, 0.0], [0.0, 0.0, 0.0], [0.0, 1.0, 1.0]]",3.0,1152.5773104610118,7.8032
"(6, 3, 3)",2,0,"[1.0, 0.0, 1.0]",2.0,"[[1.0, 0.0, 0.0], [0.0, 0.0, 0.0], [0.0, 1.0, 1.0]]",3.0,1393.8666945160612,6.5748
"(6, 3, 3)",2,1,"[1.0, 0.0, 1.0]",2.0,"[[0.0, 0.0, 1.0], [0.0, 0.0, 0.0], [1.0, 1.0, 0.0]]",3.0,1240.8134820755204,7.4191
"(6, 3, 3)",2,2,"[1.0, 0.0, 1.0]",2.0,"[[0.0, 0.0, 1.0], [0.0, 0.0, 0.0], [1.0, 1.0, 0.0]]",3.0,1173.7852057882408,5.775
"(6, 3, 3)",2,3,"[1.0, 0.0, 1.0]",2.0,"[[1.0, 0.0, 0.0], [0.0, 0.0, 0.0], [0.0, 1.0, 1.0]]",3.0,1254.221543754784,8.0931
"(6, 3, 3)",2,4,"[1.0, 0.0, 1.0]",2.0,"[[0.0, 1.0, 0.0], [0.0, 0.0, 0.0], [1.0, 0.0, 1.0]]",3.0,1259.9469639677855,7.9694
"(6, 3, 3)",2,5,"[1.0, 0.0, 1.0]",2.0,"[[0.0, 1.0, 0.0], [0.0, 0.0, 0.0], [1.0, 0.0, 1.0]]",3.0,1292.0306300948332,7.8233
"(6, 3, 3)",2,6,"[1.0, 0.0, 1.0]",2.0,"[[1.0, 0.0, 0.0], [0.0, 0.0, 0.0], [0.0, 1.0, 1.0]]",3.0,1269.0505693511304,6.7086
"(6, 3, 3)",2,7,"[1.0, 0.0, 1.0]",2.0,"[[0.0, 0.0, 1.0], [0.0, 0.0, 0.0], [1.0, 1.0, 0.0]]",3.0,1290.681743430043,7.4133
"(6, 3, 3)",2,8,"[1.0, 0.0, 1.0]",2.0,"[[0.0, 0.0, 1.0], [0.0, 0.0, 0.0], [1.0, 1.0, 0.0]]",3.0,1251.6906472302232,8.8623
"(6, 3, 3)",2,9,"[1.0, -0.0, 1.0]",2.0,"[[1.0, 0.0, 1.0], [0.0, -0.0, -0.0], [0.0, 1.0, -0.0]]",3.0,1208.9550081733546,12.7325
"(6, 3, 3)",4,0,"[1.0, 0.0, 1.0]",2.0,"[[0.0, 0.0, 1.0], [0.0, 0.0, 0.0], [1.0, 1.0, 0.0]]",3.0,1481.9012463644058,10.4732
"(6, 3, 3)",4,1,"[1.0, 0.0, 1.0]",2.0,"[[0.0, 0.0, 1.0], [0.0, 0.0, 0.0], [1.0, 1.0, 0.0]]",3.0,1330.1134319782711,10.4195
"(6, 3, 3)",4,2,"[1.0, 0.0, 1.0]",2.0,"[[1.0, 0.0, 0.0], [0.0, 0.0, 0.0], [0.0, 1.0, 1.0]]",3.0,1267.1700025248365,16.525
"(6, 3, 3)",4,3,"[1.0, 0.0, 1.0]",2.0,"[[1.0, 0.0, 0.0], [0.0, 0.0, 0.0], [0.0, 1.0, 1.0]]",3.0,1351.2402458033307,15.8092
"(6, 3, 3)",4,4,"[1.0, 0.0, 1.0]",2.0,"[[0.0, 0.0, 1.0], [0.0, 0.0, 0.0], [1.0, 1.0, 0.0]]",3.0,1342.1951573491622,10.6346
"(6, 3, 3)",4,5,"[1.0, 0.0, 1.0]",2.0,"[[1.0, 0.0, 0.0], [0.0, 0.0, 0.0], [0.0, 1.0, 1.0]]",3.0,1389.6103914060714,8.2316
"(6, 3, 3)",4,6,"[1.0, 0.0, 1.0]",2.0,"[[1.0, 0.0, 0.0], [0.0, 0.0, 0.0], [0.0, 1.0, 1.0]]",3.0,1357.48941471855,9.4103
"(6, 3, 3)",4,7,"[1.0, 0.0, 1.0]",2.0,"[[1.0, 0.0, 0.0], [0.0, 0.0, 0.0], [0.0, 1.0, 1.0]]",3.0,1379.2013299079636,8.9021
"(6, 3, 3)",4,8,"[1.0, 0.0, 1.0]",2.0,"[[0.0, 1.0, 0.0], [0.0, 0.0, 0.0], [1.0, 0.0, 1.0]]",3.0,1345.3204705174671,8.4069
"(6, 3, 3)",4,9,"[1.0, -0.0, 1.0]",2.0,"[[1.0, -0.0, -0.0], [-0.0, -0.0, -0.0], [-0.0, 1.0, 1.0]]",3.0,1307.4086635656795,13.9256
"(6, 3, 3)",8,0,"[1.0, 0.0, 1.0]",2.0,"[[0.0, 1.0, 0.0], [0.0, 0.0, 0.0], [1.0, 0.0, 1.0]]",3.0,1649.5646995509655,7.5457
"(6, 3, 3)",8,1,"[1.0, 0.0, 1.0]",2.0,"[[0.0, 0.0, 1.0], [0.0, 0.0, 0.0], [1.0, 1.0, 0.0]]",3.0,1496.0844537652615,8.4989
"(6, 3, 3)",8,2,"[1.0, -0.0, 1.0]",2.0,"[[-0.0, -0.0, 1.0], [-0.0, -0.0, -0.0], [1.0, 1.0, -0.0]]",3.0,1430.4270641365397,10.9362
"(6, 3, 3)",8,3,"[1.0, -0.0, 1.0]",2.0,"[[1.0, 1.0, -0.0], [-0.0, 0.0, 0.0], [-0.0, -0.0, 1.0]]",3.0,1512.2225220799776,5.9956
"(6, 3, 3)",8,4,"[1.0, 0.0, 1.0]",2.0,"[[1.0, 0.0, 0.0], [0.0, 0.0, 0.0], [0.0, 1.0, 1.0]]",3.0,1509.270403364655,9.2903
"(6, 3, 3)",8,5,"[1.0, 0.0, 1.0]",2.0,"[[1.0, 0.0, 0.0], [0.0, 0.0, 0.0], [0.0, 1.0, 1.0]]",3.0,1549.2507675411723,6.1297
"(6, 3, 3)",8,6,"[1.0, 0.0, 1.0]",2.0,"[[0.0, 0.0, 1.0], [0.0, 0.0, 0.0], [1.0, 1.0, 0.0]]",3.0,1509.7953376686874,8.6643
"(6, 3, 3)",8,7,"[1.0, 0.0, 1.0]",2.0,"[[1.0, 0.0, 0.0], [0.0, 0.0, 0.0], [0.0, 1.0, 1.0]]",3.0,1539.6896737207885,8.5576
"(6, 3, 3)",8,8,"[1.0, 0.0, 1.0]",2.0,"[[0.0, 0.0, 1.0], [0.0, 0.0, 0.0], [1.0, 1.0, 0.0]]",3.0,1512.1447304231824,7.8926
"(6, 3, 3)",8,9,"[1.0, 0.0, 1.0]",2.0,"[[0.0, 0.0, 1.0], [0.0, 0.0, 0.0], [1.0, 1.0, 0.0]]",3.0,1466.6479805488018,12.8464
"(9, 4, 4)",0.5,0,"[0.0, 1.0, 1.0, 1.0]",3.0,"[[0.0, 0.0, 0.0, 0.0], [-0.0, 1.0, 0.0, 0.0], [1.0, 0.0, 0.0, 1.0], [-0.0, 0.0, 1.0, -0.0]]",4.0,2068.4076158570483,33.3917
"(9, 4, 4)",0.5,1,"[0.0, 1.0, 1.0, 1.0]",3.0,"[[0.0, -0.0, -0.0, -0.0], [-0.0, 0.0, 1.0, -0.0], [1.0, 1.0, 0.0, 0.0], [0.0, -0.0, 0.0, 1.0]]",4.0,1844.0477852454371,26.9202
"(9, 4, 4)",0.5,2,"[-0.0, 1.0, 1.0, 1.0]",3.0,"[[-0.0, 0.0, 0.0, -0.0], [0.0, 1.0, -0.0, 0.0], [1.0, 0.0, 1.0, -0.0], [-0.0, -0.0, -0.0, 1.0]]",4.0,1754.7703716976744,25.1418
"(9, 4, 4)",0.5,3,"[0.0, 1.0, 1.0, 1.0]",3.0,"[[0.0, 0.0, -0.0, 0.0], [-0.0, 1.0, -0.0, -0.0], [1.0, 0.0, 0.0, 1.0], [-0.0, -0.0, 1.0, -0.0]]",4.0,1870.8131042326927,30.0708
"(9, 4, 4)",0.5,4,"[0.0, 1.0, 1.0, 1.0]",3.0,"[[0.0, 0.0, 0.0, 0.0], [0.0, 1.0, 0.0, 0.0], [1.0, 0.0, 1.0, 0.0], [0.0, 0.0, 0.0, 1.0]]",4.0,1877.3331230881172,31.7788
"(9, 4, 4)",0.5,5,"[-0.0, 1.0, 1.0, 1.0]",3.0,"[[-0.0, -0.0, -0.0, -0.0], [-0.0, 1.0, -0.0, -0.0], [1.0, -0.0, -0.0, 1.0], [-0.0, -0.0, 1.0, -0.0]]",4.0,1926.8667870341114,30.1293
"(9, 4, 4)",0.5,6,"[0.0, 1.0, 1.0, 1.0]",3.0,"[[-0.0, -0.0, -0.0, -0.0], [1.0, -0.0, 0.0, 0.0], [0.0, 1.0, 0.0, 1.0], [0.0, -0.0, 1.0, 0.0]]",4.0,1883.964889329668,28.6296
"(9, 4, 4)",0.5,7,"[-0.0, 1.0, 1.0, 1.0]",3.0,"[[0.0, -0.0, -0.0, -0.0], [1.0, -0.0, -0.0, 0.0], [-0.0, 1.0, 1.0, 0.0], [-0.0, -0.0, -0.0, 1.0]]",4.0,1921.4443195510444,21.5531
"(9, 4, 4)",0.5,8,"[0.0, 1.0, 1.0, 1.0]",3.0,"[[-0.0, -0.0, -0.0, -0.0], [-0.0, 1.0, -0.0, -0.0], [1.0, -0.0, -0.0, 1.0], [-0.0, -0.0, 1.0, 0.0]]",4.0,1856.1507499904224,23.653
"(9, 4, 4)",0.5,9,"[0.0, 1.0, 1.0, 1.0]",3.0,"[[-0.0, -0.0, -0.0, -0.0], [0.0, 1.0, 0.0, -0.0], [1.0, -0.0, -0.0, 1.0], [-0.0, -0.0, 1.0, 0.0]]",4.0,1813.6620083219757,39.4444
"(9, 4, 4)",1,0,"[0.0, 1.0, 1.0, 1.0]",3.0,"[[0.0, -0.0, -0.0, -0.0], [-0.0, 1.0, 0.0, -0.0], [1.0, -0.0, 1.0, 0.0], [-0.0, -0.0, -0.0, 1.0]]",4.0,2091.1783313871574,27.3874
"(9, 4, 4)",1,1,"[0.0, 1.0, 1.0, 1.0]",3.0,"[[0.0, 0.0, 0.0, -0.0], [-0.0, -0.0, -0.0, 1.0], [1.0, 1.0, 0.0, -0.0], [-0.0, 0.0, 1.0, -0.0]]",4.0,1866.0320479350232,25.7915
"(9, 4, 4)",1,2,"[0.0, 1.0, 1.0, 1.0]",3.0,"[[-0.0, 0.0, 0.0, 0.0], [-0.0, -0.0, 0.0, 1.0], [1.0, 1.0, -0.0, -0.0], [0.0, 0.0, 1.0, 0.0]]",4.0,1776.608415570837,22.8051
"(9, 4, 4)",1,3,"[0.0, 1.0, 1.0, 1.0]",3.0,"[[0.0, -0.0, -0.0, 0.0], [0.0, 1.0, -0.0, -0.0], [1.0, 0.0, 1.0, -0.0], [-0.0, -0.0, -0.0, 1.0]]",4.0,1892.651148105855,31.5181
"(9, 4, 4)",1,4,"[-0.0, 1.0, 1.0, 1.0]",3.0,"[[-0.0, 0.0, -0.0, -0.0], [1.0, 0.0, 0.0, -0.0], [0.0, 1.0, 1.0, 0.0], [0.0, 0.0, 0.0, 1.0]]",4.0,1900.7876823739168,46.2859
"(9, 4, 4)",1,5,"[0.0, 1.0, 1.0, 1.0]",3.0,"[[-0.0, -0.0, -0.0, -0.0], [-0.0, -0.0, 1.0, -0.0], [1.0, 1.0, 0.0, -0.0], [-0.0, -0.0, -0.0, 1.0]]",4.0,1948.6751419780248,26.8237
"(9, 4, 4)",1,6,"[0.0, 1.0, 1.0, 1.0]",3.0,"[[-0.0, -0.0, -0.0, -0.0], [1.0, 0.0, 0.0, 0.0], [0.0, 1.0, 1.0, 0.0], [-0.0, -0.0, 0.0, 1.0]]",4.0,1904.684165360451,27.1198
"(9, 4, 4)",1,7,"[-0.0, 1.0, 1.0, 1.0]",3.0,"[[0.0, -0.0, 0.0, 0.0], [0.0, -0.0, -0.0, 1.0], [1.0, 1.0, 0.0, 0.0], [-0.0, -0.0, 1.0, -0.0]]",4.0,1942.7311734153134,26.2972
"(9, 4, 4)",1,8,"[0.0, 1.0, 1.0, 1.0]",3.0,"[[0.0, 0.0, 0.0, 0.0], [0.0, 1.0, -0.0, 0.0], [-0.0, -0.0, 1.0, 1.0], [1.0, 0.0, 0.0, -0.0]]",4.0,1878.1394845034715,23.0664
"(9, 4, 4)",1,9,"[0.0, 1.0, 1.0, 1.0]",3.0,"[[0.0, 0.0, -0.0, -0.0], [0.0, 1.0, -0.0, -0.0], [-0.0, 0.0, 1.0, 1.0], [1.0, -0.0, 0.0, -0.0]]",4.0,1835.5001990616327,45.551
"(9, 4, 4)",2,0,"[0.0, 1.0, 1.0, 1.0]",3.0,"[[0.0, -0.0, -0.0, 0.0], [0.0, -0.0, 1.0, 0.0], [1.0, 1.0, 0.0, -0.0], [0.0, -0.0, 0.0, 1.0]]",4.0,2132.111822843226,23.1611
"(9, 4, 4)",2,1,"[0.0, 1.0, 1.0, 1.0]",3.0,"[[0.0, 0.0, 0.0, -0.0], [0.0, 0.0, -0.0, 1.0], [1.0, 1.0, 0.0, 0.0], [-0.0, -0.0, 1.0, 0.0]]",4.0,1909.005453049259,27.9804
"(9, 4, 4)",2,2,"[0.0, 1.0, 1.0, 1.0]",3.0,"[[-0.0, -0.0, -0.0, 0.0], [-0.0, 1.0, 0.0, -0.0], [1.0, -0.0, -0.0, 1.0], [0.0, -0.0, 1.0, -0.0]]",4.0,1820.8508276555076,40.5905
"(9, 4, 4)",2,3,"[-0.0, 1.0, 1.0, 1.0]",3.0,"[[0.0, 0.0, -0.0, 0.0], [0.0, -0.0, 1.0, -0.0], [0.0, 1.0, -0.0, 1.0], [1.0, -0.0, -0.0, 0.0]]",4.0,1938.4251775121143,47.0011
"(9, 4, 4)",2,4,"[0.0, 1.0, 1.0, 1.0]",3.0,"[[-0.0, -0.0, -0.0, -0.0], [-0.0, 1.0, -0.0, -0.0], [-0.0, -0.0, 1.0, 1.0], [1.0, -0.0, 0.0, -0.0]]",4.0,1944.7582592519093,39.5394
"(9, 4, 4)",2,5,"[0.0, 1.0, 1.0, 1.0]",3.0,"[[0.0, 0.0, 0.0, -0.0], [1.0, 0.0, 0.0, 0.0], [0.0, 1.0, 1.0, 0.0], [0.0, -0.0, 0.0, 1.0]]",4.0,1993.410746656361,41.5049
"(9, 4, 4)",2,6,"[0.0, 1.0, 1.0, 1.0]",3.0,"[[-0.0, -0.0, -0.0, -0.0], [1.0, -0.0, -0.0, -0.0], [-0.0, 1.0, 1.0, -0.0], [-0.0, 0.0, 0.0, 1.0]]",4.0,1948.198861569277,23.7061
"(9, 4, 4)",2,7,"[0.0, 1.0, 1.0, 1.0]",3.0,"[[0.0, 0.0, 0.0, 0.0], [-0.0, -0.0, 1.0, 0.0], [0.0, 1.0, 0.0, 1.0], [1.0, -0.0, -0.0, -0.0]]",4.0,1984.5433216085703,26.3962
"(9, 4, 4)",2,8,"[0.0, 1.0, 1.0, 1.0]",3.0,"[[-0.0, -0.0, -0.0, 0.0], [1.0, -0.0, 0.0, 0.0], [0.0, 1.0, 1.0, 0.0], [-0.0, 0.0, 0.0, 1.0]]",4.0,1921.27226714463,26.1729
"(9, 4, 4)",2,9,"[-0.0, 1.0, 1.0, 1.0]",3.0,"[[-0.0, -0.0, -0.0, -0.0], [1.0, -0.0, 0.0, 0.0], [-0.0, -0.0, 1.0, 1.0], [0.0, 1.0, 0.0, -0.0]]",4.0,1879.1762868079575,38.4487
"(9, 4, 4)",4,0,"[0.0, 1.0, 1.0, 1.0]",3.0,"[[-0.0, -0.0, 0.0, 0.0], [1.0, -0.0, 0.0, 0.0], [-0.0, 1.0, 1.0, 0.0], [-0.0, -0.0, 0.0, 1.0]]",4.0,2214.4079054903655,36.6204
"(9, 4, 4)",4,1,"[-0.0, 1.0, 1.0, 1.0]",3.0,"[[-0.0, -0.0, -0.0, -0.0], [-0.0, -0.0, 1.0, 0.0], [1.0, 1.0, 0.0, -0.0], [-0.0, -0.0, -0.0, 1.0]]",4.0,1991.098988811526,29.3154
"(9, 4, 4)",4,2,"[0.0, 1.0, 1.0, 1.0]",3.0,"[[-0.0, -0.0, -0.0, 0.0], [0.0, -0.0, 1.0, 0.0], [0.0, 1.0, 0.0, 1.0], [1.0, -0.0, -0.0, 0.0]]",4.0,1908.2030031481577,40.2166
"(9, 4, 4)",4,3,"[0.0, 1.0, 1.0, 1.0]",3.0,"[[0.0, -0.0, 0.0, 0.0], [1.0, 0.0, 0.0, 0.0], [0.0, 1.0, 1.0, -0.0], [-0.0, -0.0, 0.0, 1.0]]",4.0,2025.4971172198907,54.3906
"(9, 4, 4)",4,4,"[0.0, 1.0, 1.0, 1.0]",3.0,"[[0.0, 0.0, 0.0, 0.0], [0.0, 1.0, 0.0, -0.0], [0.0, 0.0, 1.0, 1.0], [1.0, 0.0, 0.0, 0.0]]",4.0,2032.1227655038208,48.7678
"(9, 4, 4)",4,5,"[0.0, 1.0, 1.0, 1.0]",3.0,"[[-0.0, -0.0, -0.0, -0.0], [-0.0, 0.0, -0.0, 1.0], [-0.0, 1.0, 1.0, 0.0], [1.0, -0.0, -0.0, 0.0]]",4.0,2080.762922149011,40.22
"(9, 4, 4)",4,6,"[0.0, 1.0, 1.0, 1.0]",3.0,"[[0.0, -0.0, -0.0, 0.0], [1.0, -0.0, 0.0, -0.0], [0.0, 1.0, -0.0, 1.0], [-0.0, 0.0, 1.0, -0.0]]",4.0,2031.5770625131888,32.6335
"(9, 4, 4)",4,7,"[-0.0, 1.0, 1.0, 1.0]",3.0,"[[-0.0, -0.0, -0.0, -0.0], [1.0, -0.0, 0.0, 0.0], [-0.0, 1.0, 0.0, 1.0], [0.0, -0.0, 1.0, -0.0]]",4.0,2075.277877262134,42.8297
"(9, 4, 4)",4,8,"[0.0, 1.0, 1.0, 1.0]",3.0,"[[0.0, -0.0, 0.0, 0.0], [1.0, 0.0, -0.0, 0.0], [0.0, 0.0, 1.0, 1.0], [-0.0, 1.0, -0.0, 0.0]]",4.0,2008.62444263728,27.3127
"(9, 4, 4)",4,9,"[0.0, 1.0, 1.0, 1.0]",3.0,"[[0.0, 0.0, 0.0, 0.0], [-0.0, -0.0, -0.0, 1.0], [0.0, 1.0, 1.0, -0.0], [1.0, 0.0, 0.0, -0.0]]",4.0,1966.5284623006078,43.3799
"(9, 4, 4)",8,0,"[0.0, 1.0, 1.0, 1.0]",3.0,"[[0.0, 0.0, 0.0, 0.0], [-0.0, 0.0, -0.0, 1.0], [1.0, 1.0, -0.0, -0.0], [0.0, -0.0, 1.0, 0.0]]",4.0,2398.6145099816044,57.3812
"(9, 4, 4)",8,1,"[0.0, 1.0, 1.0, 1.0]",3.0,"[[0.0, 0.0, 0.0, 0.0], [0.0, 1.0, 0.0, 0.0], [1.0, 0.0, 1.0, 0.0], [0.0, 0.0, 0.0, 1.0]]",4.0,2172.1983041851745,51.6861
"(9, 4, 4)",8,2,"[0.0, 1.0, 1.0, 1.0]",3.0,"[[-0.0, 0.0, -0.0, 0.0], [0.0, 0.0, 1.0, -0.0], [1.0, 1.0, 0.0, 0.0], [0.0, 0.0, -0.0, 1.0]]",4.0,2082.9021600829337,45.7846
"(9, 4, 4)",8,3,"[0.0, 1.0, 1.0, 1.0]",3.0,"[[0.0, -0.0, -0.0, -0.0], [0.0, 0.0, 1.0, 0.0], [1.0, 1.0, 0.0, 0.0], [0.0, 0.0, 0.0, 1.0]]",4.0,2200.201468205191,53.4776
"(9, 4, 4)",8,4,"[-0.0, 1.0, 1.0, 1.0]",3.0,"[[-0.0, -0.0, 0.0, -0.0], [-0.0, -0.0, -0.0, 1.0], [1.0, -0.0, 1.0, -0.0], [-0.0, 1.0, -0.0, -0.0]]",4.0,2206.5281718371407,42.156
"(9, 4, 4)",8,5,"[0.0, 1.0, 1.0, 1.0]",3.0,"[[0.0, -0.0, -0.0, -0.0], [-0.0, 0.0, 1.0, 0.0], [0.0, 1.0, 0.0, 1.0], [1.0, -0.0, -0.0, -0.0]]",4.0,2255.1526812031766,41.3141
"(9, 4, 4)",8,6,"[0.0, 1.0, 1.0, 1.0]",3.0,"[[-0.0, 0.0, -0.0, -0.0], [1.0, -0.0, 0.0, 0.0], [0.0, 1.0, 1.0, -0.0], [-0.0, -0.0, -0.0, 1.0]]",4.0,2212.699481138333,48.8104
"(9, 4, 4)",8,7,"[0.0, 1.0, 1.0, 1.0]",3.0,"[[-0.0, 0.0, -0.0, -0.0], [0.0, -0.0, 0.0, 1.0], [1.0, 1.0, -0.0, 0.0], [-0.0, 0.0, 1.0, 0.0]]",4.0,2249.3615732657327,43.802
"(9, 4, 4)",8,8,"[-0.0, 1.0, 1.0, 1.0]",3.0,"[[-0.0, -0.0, -0.0, 0.0], [1.0, -0.0, -0.0, 0.0], [-0.0, 1.0, 1.0, -0.0], [-0.0, -0.0, -0.0, 1.0]]",4.0,2184.8441824251304,41.4963
"(9, 4, 4)",8,9,"[0.0, 1.0, 1.0, 1.0]",3.0,"[[-0.0, 0.0, 0.0, -0.0], [-0.0, 1.0, 0.0, 0.0], [1.0, -0.0, 1.0, -0.0], [0.0, 0.0, 0.0, 1.0]]",4.0,2141.2328132859084,52.3463
"(12, 5, 5)",0.5,0,"[1.0, 1.0, 1.0, -0.0, 1.0]",4.0,"[[-0.0, -0.0, 1.0, -0.0, 1.0], [1.0, -0.0, -0.0, -0.0, 0.0], [0.0, 1.0, -0.0, -0.0, -0.0], [-0.0, 0.0, 0.0, 0.0, -0.0], [-0.0, -0.0, 0.0, 1.0, -0.0]]",5.0,2315.876092539032,240.8444
"(12, 5, 5)",0.5,1,"[1.0, 1.0, 1.0, 0.0, 1.0]",4.0,"[[1.0, -0.0, 0.0, 1.0, 0.0], [-0.0, 1.0, -0.0, -0.0, -0.0], [-0.0, -0.0, 1.0, -0.0, -0.0], [0.0, -0.0, -0.0, -0.0, -0.0], [-0.0, 0.0, -0.0, 0.0, 1.0]]",5.0,2092.247241189167,354.4409
"(12, 5, 5)",0.5,2,"[1.0, 1.0, 1.0, 0.0, 1.0]",4.0,"[[0.0, 0.0, 0.0, 1.0, 1.0], [-0.0, -0.0, 1.0, -0.0, -0.0], [1.0, -0.0, 0.0, -0.0, 0.0], [-0.0, 0.0, 0.0, 0.0, 0.0], [0.0, 1.0, 0.0, -0.0, -0.0]]",5.0,1990.245079672575,196.5804
"(12, 5, 5)",0.5,3,"[1.0, 1.0, 1.0, 0.0, 1.0]",4.0,"[[-0.0, -0.0, 1.0, 1.0, 0.0], [1.0, -0.0, -0.0, -0.0, 0.0], [-0.0, -0.0, -0.0, -0.0, 1.0], [-0.0, 0.0, 0.0, 0.0, -0.0], [0.0, 1.0, -0.0, -0.0, -0.0]]",5.0,2114.0211075317607,293.2869
"(12, 5, 5)",0.5,4,"[1.0, 1.0, 1.0, 0.0, 1.0]",4.0,"[[-0.0, 1.0, 0.0, 0.0, 1.0], [-0.0, -0.0, -0.0, 1.0, -0.0], [-0.0, -0.0, 1.0, -0.0, -0.0], [-0.0, 0.0, -0.0, 0.0, 0.0], [1.0, 0.0, 0.0, 0.0, 0.0]]",5.0,2110.3942396880793,163.8949
"(12, 5, 5)",0.5,5,"[1.0, 1.0, 1.0, 0.0, 1.0]",4.0,"[[0.0, 0.0, 1.0, 0.0, 1.0], [0.0, 1.0, 0.0, 0.0, -0.0], [1.0, -0.0, -0.0, -0.0, 0.0], [-0.0, 0.0, 0.0, -0.0, -0.0], [0.0, 0.0, 0.0, 1.0, -0.0]]",5.0,2162.6092237673574,170.4448
"(12, 5, 5)",0.5,6,"[1.0, 1.0, 1.0, 0.0, 1.0]",4.0,"[[1.0000000000000024, -0.0, -0.0, 0.0, 1.0], [-2.4424906541753444e-15, 1.0, 0.0, -0.0, -0.0], [-0.0, 0.0, -0.0, 1.0, 0.0], [-0.0, -0.0, -0.0, -0.0, -0.0], [0.0, 0.0, 1.0, -0.0, 0.0]]",5.0,2129.764515536557,454.2753
"(12, 5, 5)",0.5,7,"[1.0, 1.0, 1.0, 0.0, 1.0]",4.0,"[[1.0, -0.0, -0.0, 1.0, -0.0], [-0.0, 0.0, 0.0, 0.0, 1.0], [-0.0, 1.0, -0.0, -0.0, 0.0], [0.0, 0.0, -0.0, 0.0, 0.0], [-0.0, -0.0, 1.0, 0.0, -0.0]]",5.0,2159.148134015232,196.3375
"(12, 5, 5)",0.5,8,"[1.0, 1.0, 1.0, 0.0, 1.0]",4.0,"[[-0.0, -0.0, -0.0, 1.0, 1.0], [-0.0, -0.0, 1.0, -0.0, -0.0], [1.0, -0.0, -0.0, -0.0, -0.0], [-0.0, -0.0, -0.0, -0.0, -0.0], [-0.0, 1.0, -0.0, -0.0, -0.0]]",5.0,2107.367826084412,187.9617
"(12, 5, 5)",0.5,9,"[1.0, 1.0, 1.0, 0.0, 1.0]",4.0,"[[1.0, 1.0, 0.0, 0.0, 0.0], [-0.0, -0.0, 1.0, -0.0, 0.0], [-0.0, 0.0, -0.0, -0.0, 1.0], [0.0, -0.0, 0.0, 0.0, -0.0], [-0.0, 0.0, -0.0, 1.0, 0.0]]",5.0,2041.8300579990791,198.8618
"(12, 5, 5)",1,0,"[1.0, 1.0, 1.0, -0.0, 1.0]",4.0,"[[1.0, 1.0, -0.0, -0.0, -0.0], [-0.0, -0.0, -0.0, 1.0, -0.0], [-0.0, -0.0, -0.0, -0.0, 1.0], [-0.0, -0.0, -0.0, -0.0, -0.0], [-0.0, -0.0, 1.0, -0.0, -0.0]]",5.0,2333.91034355817,744.9228
"(12, 5, 5)",1,1,"[1.0, 1.0, 1.0, 0.0, 1.0]",4.0,"[[-0.0, -0.0, 0.0, 1.0, 1.0], [0.0, 1.0, -0.0, -0.0, -0.0], [-0.0, -0.0, 1.0, -0.0, -0.0], [-0.0, -0.0, 0.0, 0.0, 0.0], [1.0, -0.0, -0.0, -0.0, -0.0]]",5.0,2109.2279293680117,398.4457
"(12, 5, 5)",1,2,"[1.0, 1.0, 1.0, 0.0, 1.0]",4.0,"[[1.0, -0.0, -0.0, 1.0, -0.0], [-0.0, -0.0, -0.0, -0.0, 1.0], [-0.0, -0.0, 1.0, -0.0, -0.0], [-0.0, -0.0, -0.0, -0.0, -0.0], [-0.0, 1.0, -0.0, -0.0, -0.0]]",5.0,2013.6518938802542,221.0794
"(12, 5, 5)",1,3,"[1.0, 1.0, 1.0, 0.0, 1.0]",4.0,"[[0.0, -0.0, 1.0, 1.0, -0.0], [1.0, 0.0, 0.0, 0.0, 0.0], [-0.0, 1.0, -0.0, 0.0, 0.0], [-0.0, -0.0, 0.0, 0.0, 0.0], [-0.0, 0.0, 0.0, 0.0, 1.0]]",5.0,2130.475409908982,194.2258
"(12, 5, 5)",1,4,"[1.0, 1.0, 1.0, 0.0, 1.0]",4.0,"[[-0.0, -0.0, 1.0, -0.0, 1.0], [1.0, -0.0, 0.0, 0.0, 0.0], [-0.0, 1.0, -0.0, -0.0, -0.0], [-0.0, 0.0, -0.0, -0.0, -0.0], [0.0, -0.0, -0.0, 1.0, -0.0]]",5.0,2133.5730858609127,214.7731
"(12, 5, 5)",1,5,"[1.0, 1.0, 1.0, -0.0, 1.0]",4.0,"[[1.0, 0.0, 0.0, -0.0, 1.0], [-0.0, 1.0, -0.0, -0.0, -0.0], [-0.0, -0.0, -0.0, 1.0, -0.0], [-0.0, -0.0, -0.0, 0.0, -0.0], [-0.0, 0.0, 1.0, 0.0, -0.0]]",5.0,2186.9765949572015,229.6686
"(12, 5, 5)",1,6,"[1.0, 1.0, 1.0, 0.0, 1.0]",4.0,"[[1.0, 0.0, -0.0, -0.0, 1.0], [-0.0, -0.0, -0.0, 1.0, -0.0], [-0.0, 1.0, 0.0, -0.0, -0.0], [0.0, -0.0, -0.0, -0.0, -0.0], [-0.0, -0.0, 1.0, -0.0, -0.0]]",5.0,2146.411606113446,221.3949
"(12, 5, 5)",1,7,"[1.0, 1.0, 1.0, 0.0, 1.0]",4.0,"[[-0.0, 1.0, 1.0, -0.0, -0.0], [-0.0, -0.0, -0.0, 1.0, -0.0], [0.0, -0.0, -0.0, -0.0, 1.0], [-0.0, 0.0, -0.0, -0.0, -0.0], [1.0, -0.0, -0.0, -0.0, 0.0]]",5.0,2181.8754568956315,220.6025
"(12, 5, 5)",1,8,"[1.0, 1.0, 1.0, -0.0, 1.0]",4.0,"[[-0.0, 1.0, -0.0, 1.0, -0.0], [-0.0, -0.0, 1.0, -0.0, -0.0], [-0.0, -0.0, -0.0, -0.0, 1.0], [-0.0, -0.0, -0.0, -0.0, -0.0], [1.0, -0.0, -0.0, -0.0, -0.0]]",5.0,2131.074297410416,224.1499
"(12, 5, 5)",1,9,"[1.0, 1.0, 1.0, 0.0, 1.0]",4.0,"[[1.0, 1.0, -0.0, 0.0, -0.0], [0.0, -0.0, -0.0, 1.0, -0.0], [-0.0, -0.0, -0.0, 0.0, 1.0], [-0.0, -0.0, 0.0, -0.0, -0.0], [-0.0, -0.0, 1.0, -0.0, 0.0]]",5.0,2064.922754427808,179.7892
"(12, 5, 5)",2,0,"[1.0, 1.0, 1.0, -0.0, 1.0]",4.0,"[[-0.0, 1.0, 1.0, -0.0, -0.0], [1.0, 0.0, 0.0, -0.0, 0.0], [0.0, 0.0, 0.0, 0.0, 1.0], [0.0, 0.0, 0.0, -0.0, 0.0], [-0.0, 0.0, 0.0, 1.0, 0.0]]",5.0,2367.3814983336397,200.0544
"(12, 5, 5)",2,1,"[1.0, 1.0, 1.0, 0.0, 1.0]",4.0,"[[1.0, 0.0, -0.0, 1.0, -0.0], [-0.0, -0.0, -0.0, -0.0, 1.0], [-0.0, 1.0, -0.0, -0.0, -0.0], [-0.0, -0.0, -0.0, -0.0, -0.0], [-0.0, 0.0, 1.0, -0.0, 0.0]]",5.0,2142.818799768607,219.0088
"(12, 5, 5)",2,2,"[1.0, 1.0, 1.0, 0.0, 1.0]",4.0,"[[-0.0, 1.0, -0.0, -0.0, 1.0], [-0.0, 0.0, 0.0, 1.0, 0.0], [-0.0, -0.0, 1.0, -0.0, 0.0], [0.0, -0.0, -0.0, -0.0, 0.0], [1.0, 0.0, 0.0, 0.0, 0.0]]",5.0,2046.446986149765,195.7103
"(12, 5, 5)",2,3,"[1.0, 1.0, 1.0, -0.0, 1.0]",4.0,"[[1.0, 1.0, -0.0, -0.0, -0.0], [-0.0, 0.0, 1.0, 0.0, 0.0], [-0.0, 0.0, 0.0, -0.0, 1.0], [0.0, 0.0, 0.0, 0.0, -0.0], [-0.0, -0.0, -0.0, 1.0, -0.0]]",5.0,2167.779366063545,379.9416
"(12, 5, 5)",2,4,"[1.0, 1.0, 1.0, 0.0, 1.0]",4.0,"[[-0.0, 1.0, -0.0, 1.0, 0.0], [-0.0, -0.0, 0.0, -0.0, 1.0], [1.0, -0.0, -0.0, -0.0, -0.0], [0.0, 0.0, -0.0, -0.0, -0.0], [-0.0, 0.0, 1.0, 0.0, 0.0]]",5.0,2171.889407689174,377.2814
"(12, 5, 5)",2,5,"[1.0, 1.0, 1.0, 0.0, 1.0]",4.0,"[[1.0, 0.0, 1.0, -0.0, -0.0], [-0.0, 0.0, -0.0, -0.0, 1.0], [-0.0, 1.0, -0.0, -0.0, -0.0], [-0.0, -0.0, -0.0, -0.0, 0.0], [-0.0, -0.0, -0.0, 1.0, -0.0]]",5.0,2220.796645200313,237.4591
"(12, 5, 5)",2,6,"[1.0, 1.0, 1.0, -0.0, 1.0]",4.0,"[[-0.0, 1.0, -0.0, -0.0, 1.0], [1.0, -0.0, -0.0, -0.0, -0.0], [-0.0, -0.0, 1.0, -0.0, -0.0], [-0.0, -0.0, -0.0, -0.0, -0.0], [-0.0, -0.0, -0.0, 1.0, -0.0]]",5.0,2179.8945351650536,223.1257
"(12, 5, 5)",2,7,"[1.0, 1.0, 1.0, 0.0, 1.0]",4.0,"[[-0.0, -0.0, 1.0, -0.0, 1.0], [1.0, -0.0, 0.0, -0.0, -0.0], [-0.0, 1.0, -0.0, -0.0, -0.0], [0.0, -0.0, 0.0, 0.0, 0.0], [-0.0, -0.0, -0.0, 1.0, -0.0]]",5.0,2215.6877925151066,151.3799
"(12, 5, 5)",2,8,"[1.0, 1.0, 1.0, 0.0, 1.0]",4.0,"[[1.0, 0.0, 1.0, -0.0, -0.0], [-0.0, -0.0, -0.0, 1.0, -0.0], [0.0, 0.0, -0.0, -0.0, 1.0], [-0.0, -0.0, -0.0, 0.0, -0.0], [-0.0, 1.0, -0.0, -0.0, -0.0]]",5.0,2164.729219598017,208.1703
"(12, 5, 5)",2,9,"[1.0, 1.0, 1.0, -0.0, 1.0]",4.0,"[[1.0, -0.0, 0.0, 1.0, -0.0], [0.0, 1.0, -0.0, -0.0, 0.0], [-0.0, -0.0, 1.0, 0.0, 0.0], [0.0, 0.0, -0.0, -0.0, -0.0], [-0.0, -0.0, -0.0, -0.0, 1.0]]",5.0,2097.831908838014,209.0372
"(12, 5, 5)",4,0,"[1.0, 1.0, 1.0, 0.0, 1.0]",4.0,"[[1.0, 1.0, -0.0, -0.0, -0.0], [-0.0, 0.0, 1.0, -0.0, 0.0], [-0.0, -0.0, 0.0, -0.0, 1.0], [0.0, 0.0, -0.0, 0.0, -0.0], [0.0, -0.0, -0.0, 1.0, -0.0]]",5.0,2434.006467822532,194.83
"(12, 5, 5)",4,1,"[1.0, 1.0, 1.0, 0.0, 1.0]",4.0,"[[1.0, 0.0, -0.0, -0.0, 1.0], [-0.0, -0.0, 1.0, 0.0, 0.0], [-0.0, 1.0, 0.0, -0.0, -0.0], [-0.0, 0.0, 0.0, -0.0, 0.0], [0.0, 0.0, -0.0, 1.0, -0.0]]",5.0,2209.453473352059,207.5544
"(12, 5, 5)",4,2,"[1.0, 1.0, 1.0, 0.0, 1.0]",4.0,"[[1.0, -0.0, 1.0, 0.0, 0.0], [0.0, 0.0, 0.0, -0.0, 1.0], [-0.0, 1.0, 0.0, 0.0, 0.0], [-0.0, -0.0, -0.0, -0.0, -0.0], [-0.0, -0.0, -0.0, 1.0, -0.0]]",5.0,2119.5933218529763,678.438
"(12, 5, 5)",4,3,"[1.0, 1.0, 1.0, -0.0, 1.0]",4.0,"[[1.0, 0.0, 0.0, -0.0, 1.0], [-0.0, -0.0, 0.0, 1.0, -0.0], [-0.0, 1.0, -0.0, 0.0, -0.0], [-0.0, -0.0, -0.0, -0.0, -0.0], [0.0, 0.0, 1.0, -0.0, 0.0]]",5.0,2238.036271839334,716.9293
"(12, 5, 5)",4,4,"[1.0, 1.0, 1.0, 0.0, 1.0]",4.0,"[[-0.0, -0.0, 1.0, 0.0, 1.0], [1.0, 0.0, -0.0, 0.0, 0.0], [-0.0, -0.0, -0.0, 1.0, -0.0], [0.0, 0.0, 0.0, 0.0, 0.0], [0.0, 1.0, 0.0, -0.0, 0.0]]",5.0,2241.8402554764134,631.9454
"(12, 5, 5)",4,5,"[1.0, 1.0, 1.0, -0.0, 1.0]",4.0,"[[0.0, 0.0, -0.0, 1.0, 0.0], [-0.0, 1.0, 1.0, -0.0, -0.0], [1.0, -0.0, -0.0, -0.0, -0.0], [-0.0, -0.0, -0.0, -0.0, -0.0], [-0.0, -0.0, -0.0, -0.0, 1.0]]",5.0,2293.1552753467954,425.8321
"(12, 5, 5)",4,6,"[1.0, 1.0, 1.0, 0.0, 1.0]",4.0,"[[1.0, -0.0, -0.0, -0.0, 1.0], [-0.0, 1.0, -0.0, 0.0, -0.0], [-0.0, -0.0, 1.0, -0.0, -0.0], [6.852157730108388e-17, -3.469446951953614e-17, 0.0, -0.0, -0.0], [-0.0, -0.0, -0.0, 1.0, 0.0]]",5.0,2246.3040342578734,197.0932
"(12, 5, 5)",4,7,"[1.0, 1.0, 1.0, 0.0, 1.0]",4.0,"[[-0.0, -0.0, -0.0, 1.0, -0.0], [1.0, 1.0, -0.0, -0.0, -0.0], [-0.0, -0.0, -0.0, 0.0, 1.0], [0.0, 0.0, 0.0, 0.0, 0.0], [-0.0, -0.0, 1.0, 0.0, -0.0]]",5.0,2290.5474093792745,377.933
"(12, 5, 5)",4,8,"[1.0, 1.0, 1.0, 0.0, 1.0]",4.0,"[[0.0, -0.0, -0.0, 1.0, 1.0], [1.0, -0.0, -0.0, -0.0, -0.0], [0.0, 1.0, -0.0, -0.0, -0.0], [0.0, -0.0, -0.0, -0.0, -0.0], [0.0, 0.0, 1.0, -0.0, 0.0]]",5.0,2231.865587130721,203.7278
"(12, 5, 5)",4,9,"[1.0, 1.0, 1.0, 0.0, 1.0]",4.0,"[[-0.0, -0.0, -0.0, 1.0, -0.0], [0.0, 1.0, -0.0, 0.0, 0.0], [1.0, -0.0, 1.0, -0.0, -0.0], [0.0, 0.0, 0.0, -0.0, 0.0], [-0.0, -0.0, -0.0, -0.0, 1.0]]",5.0,2171.0910902267206,763.5058
"(12, 5, 5)",8,0,"[1.0, 1.0, 1.0, 0.0, 1.0]",4.0,"[[-0.0, -0.0, 1.0, 1.0, -0.0], [1.0, -0.0, -0.0, -0.0, -0.0], [-0.0, 1.0, -0.0, -0.0, -0.0], [-0.0, -0.0, -0.0, -0.0, -0.0], [-0.0, -0.0, -0.0, -0.0, 1.0]]",5.0,2583.1306945426495,607.7277
"(12, 5, 5)",8,1,"[1.0, 1.0, 1.0, 0.0, 1.0]",4.0,"[[-0.0, 1.0, -0.0, -0.0, 1.0], [0.0, 0.0, 1.0, -0.0, -0.0], [-0.0, -0.0, -0.0, 1.0, -0.0], [0.0, 0.0, 0.0, 0.0, 0.0], [1.0, -0.0, -0.0, 0.0, -0.0]]",5.0,2353.7114395355306,906.1576
"(12, 5, 5)",8,2,"[1.0, 1.0, 1.0, -0.0, 1.0]",4.0,"[[-0.0, -0.0, 1.0, -0.0, -0.0], [1.0, -0.0, -0.0, -0.0, -0.0], [-0.0, -0.0, -0.0, 1.0, 1.0], [-0.0, -0.0, -0.0, -0.0, -0.0], [-0.0, 1.0, -0.0, -0.0, -0.0]]",5.0,2257.2977892091662,668.35
"(12, 5, 5)",8,3,"[1.0, 1.0, 1.0, 0.0, 1.0]",4.0,"[[1.0, 1.0, -0.0, -0.0, 0.0], [-0.0, 0.0, 1.0, -0.0, -0.0], [-0.0, -0.0, 0.0, 1.0, -0.0], [0.0, -0.0, -0.0, 0.0, -0.0], [-0.0, -0.0, -0.0, -0.0, 1.0]]",5.0,2376.124599561385,665.9897
"(12, 5, 5)",8,4,"[1.0, 1.0, 1.0, -0.0, 1.0]",4.0,"[[-0.0, -0.0, 1.0, -0.0, 1.0], [1.0, 0.0, -0.0, -0.0, -0.0], [-0.0, 1.0, 0.0, -0.0, -0.0], [0.0, -0.0, -0.0, 0.0, -0.0], [-0.0, -0.0, -0.0, 1.0, -0.0]]",5.0,2376.3753057866948,606.4079
"(12, 5, 5)",8,5,"[1.0, 1.0, 1.0, 0.0, 1.0]",4.0,"[[-0.0, -0.0, -0.0, 1.0, 1.0], [0.0, 1.0, -0.0, 0.0, -0.0], [-0.0, -0.0, 1.0, -0.0, 0.0], [-0.0, 0.0, -0.0, -0.0, -0.0], [1.0, -0.0, 0.0, -0.0, 0.0]]",5.0,2431.251226772435,623.4976
"(12, 5, 5)",8,6,"[1.0, 1.0, 1.0, 0.0, 1.0]",4.0,"[[1.0, -0.0, -0.0, 1.0, -0.0], [-0.0, 1.0, -0.0, -0.0, -0.0], [-0.0, -0.0, -0.0, -0.0, 1.0], [-0.0, -0.0, -0.0, -0.0, -0.0], [-0.0, -0.0, 1.0, -0.0, -0.0]]",5.0,2389.514054078407,598.2717
"(12, 5, 5)",8,7,"[1.0, 1.0, 1.0, -0.0, 1.0]",4.0,"[[-0.0, -0.0, 1.0, -0.0, 1.0], [1.0, 0.0, -0.0, 0.0, 0.0], [-0.0, 1.0, -0.0, -0.0, -0.0], [-0.0, -0.0, -0.0, -0.0, -0.0], [-0.0, -0.0, -0.0, 1.0, -0.0]]",5.0,2426.382297011051,635.0953
"(12, 5, 5)",8,8,"[1.0, 1.0, 1.0, 0.0, 1.0]",4.0,"[[0.0, 0.0, -0.0, 1.0, 1.0], [-0.0, -0.0, 1.0, -0.0, -0.0], [1.0, 0.0, -0.0, 0.0, -0.0], [0.0, 0.0, 0.0, 0.0, 0.0], [-0.0, 1.0, 0.0, 0.0, 0.0]]",5.0,2364.0720473711217,397.299
"(12, 5, 5)",8,9,"[1.0, 1.0, 1.0, 0.0, 1.0]",4.0,"[[1.0, -0.0, -0.0, -0.0, -0.0], [-0.0, -0.0, -0.0, 0.0, 1.0], [0.0, 1.0, 0.0, 1.0, -0.0], [-0.0, 0.0, 0.0, 0.0, 0.0], [-0.0, -0.0, 1.0, -0.0, -0.0]]",5.0,2305.2577776247554,551.9272
"(15, 6, 6)",0.5,0,"[1.0, 1.0, 1.0, 1.0, -0.0, 1.0]",5.0,"[[1.0, -0.0, -0.0, -0.0, -0.0, -0.0], [0.0, 0.0, -0.0, -0.0, 0.0, 1.0], [-0.0, -0.0, -0.0, 1.0, 1.0, -0.0], [0.0, -0.0, 1.0, -0.0, -0.0, -0.0], [-0.0, -0.0, -0.0, -0.0, -0.0, 0.0], [0.0, 1.0, -0.0, -0.0, 0.0, -0.0]]",6.0,3045.69400178592,789.9447
"(15, 6, 6)",0.5,1,"[1.0, 1.0, 1.0, 1.0, -0.0, 1.0]",5.0,"[[-0.0, -0.0, -0.0, -0.0, 1.0, -0.0], [1.0, -0.0, -0.0, -0.0, -0.0, -0.0], [-0.0, 1.0, -0.0, 1.0, -0.0, -0.0], [-0.0, -0.0, 1.0, -0.0, -0.0, -0.0], [-0.0, -0.0, -0.0, -0.0, -0.0, -0.0], [-0.0, -0.0, -0.0, -0.0, -0.0, 1.0]]",6.0,2733.021663609654,323.5805
"(15, 6, 6)",0.5,2,"[1.0, 1.0, 1.0, 1.0, -0.0, 1.0]",5.0,"[[-0.0, -0.0, -0.0, -0.0, -0.0, 1.0], [-0.0, -0.0, -0.0, -0.0, 1.0, -0.0], [-0.0, -0.0, 1.0, 1.0, -0.0, -0.0], [-0.0, 1.0, -0.0, -0.0, -0.0, -0.0], [-0.0, -0.0, -0.0, -0.0, -0.0, -0.0], [1.0, -0.0, -0.0, -0.0, -0.0, -0.0]]",6.0,2609.4721281820403,322.2905
"(15, 6, 6)",0.5,3,"[1.0, 1.0, 1.0, 1.0, -0.0, 1.0]",5.0,"[[-0.0, -0.0, -0.0, 1.0, -0.0, -0.0], [0.0, -0.0, -0.0, -0.0, -0.0, 1.0], [-0.0, 1.0, -0.0, -0.0, 1.0, -0.0], [1.0, -0.0, -0.0, -0.0, -0.0, -0.0], [0.0, -0.0, -0.0, 0.0, 0.0, 0.0], [-0.0, -0.0, 1.0, -0.0, 0.0, -0.0]]",6.0,2772.475322455416,1611.0221
"(15, 6, 6)",0.5,4,"[1.0, 1.0, 1.0, 1.0, -0.0, 1.0]",5.0,"[[-0.0, -0.0, -0.0, -0.0, 1.0, 0.0], [-0.0, -0.0, -0.0, 1.0, -0.0, -0.0], [1.0, -0.0, -0.0, -0.0, 0.0, 1.0], [-0.0, 1.0, -0.0, -0.0, -0.0, -0.0], [-0.0, -0.0, -0.0, -0.0, -0.0, -0.0], [0.0, 0.0, 1.0, -0.0, -0.0, -0.0]]",6.0,2768.828757587762,357.3752
"(15, 6, 6)",0.5,5,"[1.0, 1.0, 1.0, 1.0, -0.0, 1.0]",5.0,"[[-0.0, -0.0, -0.0, -0.0, -0.0, 1.0], [-0.0, 1.0, -0.0, -0.0, -0.0, -0.0], [-0.0, 0.0, 0.0, 1.0, 1.0, -0.0], [1.0, -0.0, -0.0, -0.0, -0.0, -0.0], [-0.0, -0.0, -0.0, -0.0, -0.0, -0.0], [0.0, 0.0, 1.0, -0.0, -0.0, 0.0]]",6.0,2836.3739917885905,364.8874
"(15, 6, 6)",0.5,6,"[1.0, 1.0, 1.0, 1.0, -0.0, 1.0]",5.0,"[[-0.0, 0.0, 0.0, 1.0, 0.0, -0.0], [1.0, -0.0, 0.0, -0.0, 0.0, -0.0], [-0.0, -0.0, 1.0, -0.0, 1.0, -0.0], [-0.0, 1.0, -0.0, -0.0, -0.0, -0.0], [-0.0, -0.0, -0.0, -0.0, -0.0, -0.0], [-0.0, -0.0, -0.0, -0.0, -0.0, 1.0]]",6.0,2793.5832963314288,795.3281
"(15, 6, 6)",0.5,7,"[1.0, 1.0, 1.0, 1.0, -0.0, 1.0]",5.0,"[[-0.0, -0.0, -0.0, 1.0, -0.0, -0.0], [-0.0, -0.0, 1.0, -0.0, -0.0, -0.0], [1.0, -0.0, -0.0, -0.0, -0.0, 1.0], [-0.0, -0.0, -0.0, -0.0, 1.0, -0.0], [-0.0, -0.0, -0.0, -0.0, -0.0, -0.0], [-0.0, 1.0, -0.0, -0.0, -0.0, -0.0]]",6.0,2832.03212760987,345.9738
"(15, 6, 6)",0.5,8,"[1.0, 1.0, 1.0, 1.0, -0.0, 1.0]",5.0,"[[0.0, -0.0, -0.0, 0.0, -0.0, 1.0], [-0.0, -0.0, -0.0, 1.0, -0.0, -0.0], [1.0, 1.0, 0.0, -0.0, 0.0, -0.0], [-0.0, -0.0, -0.0, -0.0, 1.0, -0.0], [-0.0, -0.0, -0.0, -0.0, -0.0, -0.0], [-0.0, 0.0, 1.0, -0.0, -0.0, -0.0]]",6.0,2757.135094116984,339.8386
"(15, 6, 6)",0.5,9,"[1.0, 1.0, 1.0, 1.0, -0.0, 1.0]",5.0,"[[0.0, -0.0, 0.0, -0.0, 0.0, 1.0], [-0.0, 1.0, 0.0, 0.0, -0.0, -0.0], [-0.0, -0.0, -0.0, 1.0, 1.0, -0.0], [1.0, -0.0, -0.0, -0.0, -0.0, -0.0], [-0.0, -0.0, -0.0, -0.0, -0.0, -0.0], [-0.0, -0.0, 1.0, -0.0, -0.0, -0.0]]",6.0,2690.9899453686203,769.1986
"(15, 6, 6)",1,0,"[1.0, 1.0, 1.0, 1.0, -0.0, 1.0]",5.0,"[[1.0, -0.0, -0.0, -0.0, -0.0, -0.0], [-0.0, -0.0, 1.0, -0.0, -0.0, -0.0], [-0.0, -0.0, -0.0, 1.0, -0.0, 1.0], [-0.0, -0.0, -0.0, -0.0, 1.0, -0.0], [-0.0, -0.0, -0.0, -0.0, -0.0, -0.0], [-0.0, 1.0, -0.0, -0.0, -0.0, -0.0]]",6.0,3073.922018132529,1418.2277
"(15, 6, 6)",1,1,"[1.0, 1.0, 1.0, 1.0, -0.0, 1.0]",5.0,"[[0.0, -0.0, -0.0, -0.0, 0.0, 1.0], [-0.0, 0.0, 0.0, 0.0, 1.0, 0.0], [-0.0, 1.0, 1.0, 0.0, 0.0, 0.0], [1.0, -0.0, -0.0, -0.0, -0.0, -0.0], [-0.0, -0.0, -0.0, -0.0, -0.0, -0.0], [-0.0, 0.0, -0.0, 1.0, 0.0, -0.0]]",6.0,2768.99511067126,1321.4463
"(15, 6, 6)",1,2,"[1.0, 1.0, 1.0, 1.0, -0.0, 1.0]",5.0,"[[1.0, -0.0, -0.0, -0.0, -0.0, -0.0], [-0.0, 1.0, -0.0, -0.0, -0.0, -0.0], [-0.0, -0.0, 1.0, -0.0, 1.0, -0.0], [-0.0, -0.0, -0.0, -0.0, -0.0, 1.0], [-0.0, -0.0, -0.0, -0.0, -0.0, -0.0], [0.0, -0.0, -0.0, 1.0, -0.0, -0.0]]",6.0,2634.9328374848797,745.8327
"(15, 6, 6)",1,3,"[1.0, 1.0, 1.0, 1.0, -0.0, 1.0]",5.0,"[[1.0, -0.0, -0.0, -0.0, -0.0, 0.0], [-0.0, -0.0, -0.0, -0.0, -0.0, 1.0], [-0.0, -0.0, 1.0, 1.0, -0.0, -0.0], [-0.0, -0.0, -0.0, -0.0, 1.0, -0.0], [-0.0, -0.0, -0.0, -0.0, 0.0, -0.0], [-0.0, 1.0, -0.0, -0.0, -0.0, -0.0]]",6.0,2787.0756254957987,757.3143
"(15, 6, 6)",1,4,"[1.0, 1.0, 1.0, 1.0, -0.0, 1.0]",5.0,"[[-0.0, -0.0, -0.0, -0.0, -0.0, 1.0], [0.0, -0.0, -0.0, -0.0, 1.0, 0.0], [-0.0, 1.0, 1.0, 0.0, -0.0, -0.0], [1.0, -0.0, -0.0, -0.0, -0.0, -0.0], [-0.0, -0.0, -0.0, -0.0, -0.0, -0.0], [-0.0, 0.0, -0.0, 1.0, 0.0, -0.0]]",6.0,2795.045990163655,740.267
"(15, 6, 6)",1,5,"[1.0, 1.0, 1.0, 1.0, -0.0, 1.0]",5.0,"[[1.0, 0.0, -0.0, -0.0, -0.0, -0.0], [0.0, -0.0, -0.0, 1.0, -0.0, 0.0], [-0.0, 1.0, 1.0, -0.0, -0.0, -0.0], [-0.0, -0.0, -0.0, -0.0, 1.0, -0.0], [-0.0, -0.0, 0.0, -0.0, -0.0, -0.0], [0.0, -0.0, -0.0, 0.0, -0.0, 1.0]]",6.0,2862.6364148516523,782.974
"(15, 6, 6)",1,6,"[1.0, 1.0, 1.0, 1.0, -0.0, 1.0]",5.0,"[[-0.0, -0.0, -0.0, -0.0, 1.0, -0.0], [-0.0, 1.0, -0.0, -0.0, -0.0, -0.0], [1.0, -0.0, -0.0, -0.0, -0.0, 1.0], [-0.0, -0.0, -0.0, 1.0, -0.0, -0.0], [-0.0, -0.0, -0.0, -0.0, -0.0, -0.0], [-0.0, -0.0, 1.0, -0.0, -0.0, -0.0]]",6.0,2812.908919583546,816.8756
"(15, 6, 6)",1,7,"[1.0, 1.0, 1.0, 1.0, -0.0, 1.0]",5.0,"[[-0.0, 1.0, -0.0, -0.0, -0.0, -0.0], [0.0, -0.0, 1.0, 0.0, -0.0, 0.0], [-0.0, -0.0, -0.0, 1.0, -0.0, 1.0], [-0.0, -0.0, -0.0, -0.0, 1.0, -0.0], [-0.0, -0.0, -0.0, -0.0, -0.0, -0.0], [1.0, 0.0, -0.0, -0.0, 0.0, -0.0]]",6.0,2858.21268859747,814.8228
"(15, 6, 6)",1,8,"[1.0, 1.0, 1.0, 1.0, -0.0, 1.0]",5.0,"[[0.0, 1.0, -0.0, -0.0, -0.0, -0.0], [-0.0, 0.0, -0.0, -0.0, 1.0, -0.0], [1.0, -0.0, 1.0, 0.0, -0.0, -0.0], [-0.0, -0.0, -0.0, 1.0, -0.0, -0.0], [-0.0, -0.0, -0.0, -0.0, -0.0, -0.0], [-0.0, -0.0, 0.0, -0.0, 0.0, 1.0]]",6.0,2792.4822592172045,1478.1302
"(15, 6, 6)",1,9,"[1.0, 1.0, 1.0, 1.0, -0.0, 1.0]",5.0,"[[1.0, -0.0, 0.0, -0.0, -0.0, -0.0], [-0.0, -0.0, 0.0, -0.0, -0.0, 1.0], [-0.0, -0.0, 0.0, 1.0, 1.0, -0.0], [-0.0, 1.0, -0.0, -0.0, -0.0, -0.0], [-0.0, -0.0, -0.0, -0.0, -0.0, -0.0], [-0.0, -0.0, 1.0, -0.0, -0.0, -0.0]]",6.0,2715.167418324072,844.8085
"(15, 6, 6)",2,0,"[1.0, 1.0, 1.0, 1.0, 0.0, 1.0]",5.0,"[[1.0, -0.0, -0.0, 0.0, -0.0, -0.0], [-0.0, -0.0, -0.0, -0.0, -0.0, 1.0], [-0.0, -0.0, 1.0, -0.0, 1.0, -0.0], [-0.0, 1.0, -0.0, -0.0, -0.0, -0.0], [0.0, -0.0, 0.0, -0.0, -0.0, 0.0], [0.0, 0.0, -0.0, 1.0, -0.0, -0.0]]",6.0,3121.449303988563,1340.7667
"(15, 6, 6)",2,1,"[1.0, 1.0, 1.0, 1.0, -0.0, 1.0]",5.0,"[[-0.0, -0.0, -0.0, 1.0, -0.0, -0.0], [1.0, -0.0, -0.0, 0.0, -0.0, -0.0], [-0.0, -0.0, 1.0, -0.0, -0.0, 1.0], [-0.0, 1.0, -0.0, -0.0, -0.0, -0.0], [-0.0, -0.0, -0.0, -0.0, -0.0, -0.0], [-0.0, -0.0, -0.0, -0.0, 1.0, -0.0]]",6.0,2817.3500565821632,1462.6208
"(15, 6, 6)",2,2,"[1.0, 1.0, 1.0, 1.0, 0.0, 1.0]",5.0,"[[-0.0, -0.0, 1.0, -0.0, 0.0, -0.0], [-0.0, 1.0, -0.0, -0.0, -0.0, -0.0], [1.0, -0.0, -0.0, -0.0, -0.0, 1.0], [-0.0, -0.0, -0.0, -0.0, 1.0, -0.0], [0.0, 0.0, 0.0, -0.0, -0.0, 0.0], [-0.0, -0.0, -0.0, 1.0, -0.0, -0.0]]",6.0,2693.820178554389,689.9626
"(15, 6, 6)",2,3,"[1.0, 1.0, 1.0, 1.0, -0.0, 1.0]",5.0,"[[-0.0, -0.0, 0.0, 1.0, -0.0, -0.0], [0.0, 1.0, -0.0, -0.0, 0.0, 0.0], [1.0, -0.0, -0.0, -0.0, -0.0, 1.0], [-0.0, -0.0, 1.0, -0.0, -0.0, -0.0], [0.0, 0.0, 0.0, -0.0, -0.0, -0.0], [-0.0, -0.0, -0.0, -0.0, 1.0, -0.0]]",6.0,2844.237237502824,1260.1573
"(15, 6, 6)",2,4,"[1.0, 1.0, 1.0, 1.0, 0.0, 1.0]",5.0,"[[-0.0, 1.0, -0.0, -0.0, -0.0, -0.0], [0.0, -0.0, 0.0, 1.0, -0.0, -0.0], [1.0, -0.0, 1.0, -0.0, -0.0, -0.0], [-0.0, -0.0, -0.0, -0.0, -0.0, 1.0], [-0.0, -0.0, 0.0, 0.0, 0.0, 0.0], [-0.0, -0.0, 0.0, -0.0, 1.0, 0.0]]",6.0,2853.167940748799,1479.2463
"(15, 6, 6)",2,5,"[1.0, 1.0, 1.0, 1.0, 0.0, 1.0]",5.0,"[[-0.0, -0.0, -0.0, 1.0, -0.0, -0.0], [-0.0, -0.0, -0.0, -0.0, 1.0, -0.0], [1.0, 1.0, -0.0, -0.0, -0.0, -0.0], [-0.0, -0.0, -0.0, -0.0, -0.0, 1.0], [0.0, 0.0, -0.0, 0.0, -0.0, -0.0], [-0.0, -0.0, 1.0, -0.0, 0.0, -0.0]]",6.0,2919.691611814925,1446.4368
"(15, 6, 6)",2,6,"[1.0, 1.0, 1.0, 1.0, -0.0, 1.0]",5.0,"[[-0.0, -0.0, 1.0, -0.0, -0.0, -0.0], [1.0, -0.0, -0.0, -0.0, -0.0, -0.0], [-0.0, -0.0, -0.0, 1.0, -0.0, 1.0], [-0.0, 1.0, -0.0, -0.0, -0.0, -0.0], [-0.0, -0.0, -0.0, -0.0, -0.0, -0.0], [-0.0, -0.0, -0.0, -0.0, 1.0, -0.0]]",6.0,2870.8171309804516,1437.0562
"(15, 6, 6)",2,7,"[1.0, 1.0, 1.0, 1.0, 0.0, 1.0]",5.0,"[[-0.0, -0.0, -0.0, -0.0, 0.0, 1.0], [-0.0, -0.0, 1.0, -0.0, -0.0, -0.0], [-0.0, 1.0, 0.0, -0.0, 1.0, -0.0], [1.0, -0.0, -0.0, -0.0, -0.0, -0.0], [-0.0, -0.0, -0.0, -0.0, -0.0, -0.0], [-0.0, -0.0, -0.0, 1.0, -0.0, -0.0]]",6.0,2915.6560260789515,1364.6457
